,team_name,league,country,season,transfer_type,player_name,player_url,player_position,player_age,player_nationality,club_2,league_2,country_2,transfer_fee,is_loan,transfer_notes,window,in_squad,appearances,goals,minutes_played
1,Manchester City,Premier League,England,2021,Arrivals,Julián Álvarez,https://www.transfermarkt.com/julian-alvarez/profil/spieler/576024,Centre-Forward,22,Argentina,River Plate,Liga Profesional,Argentina,1.70E+07,FALSE,NA,Winter,NA,NA,NA,NA
2,Manchester City,Premier League,England,2021,Arrivals,Philippe Sandler,https://www.transfermarkt.com/philippe-sandler/profil/spieler/340460,Centre-Back,24,Netherlands,Troyes,Ligue 1,France,NA,TRUE,"End of loan Jan 25, 2022",Winter,1,0,0,0
3,Manchester City,Premier League,England,2021,Arrivals,Patrick Roberts,https://www.transfermarkt.com/patrick-roberts/profil/spieler/225452,Right Winger,24,England,Troyes,Ligue 1,France,NA,TRUE,"End of loan Jan 20, 2022",Winter,NA,NA,NA,NA
4,Manchester City,Premier League,England,2021,Arrivals,Luka Ilic,https://www.transfermarkt.com/luka-ilic/profil/spieler/429790,Attacking Midfield,22,Serbia,Twente FC,Eredivisie,Netherlands,NA,TRUE,"End of loan Jan 1, 2022",Winter,NA,NA,NA,NA
5,Manchester City,Premier League,England,2021,Departures,Ferran Torres,https://www.transfermarkt.com/ferran-torres/profil/spieler/398184,Right Winger,21,Spain,Barcelona,LaLiga,Spain,5.50E+07,FALSE,NA,Winter,11,7,3,522
6,Manchester City,Premier League,England,2021,Departures,Philippe Sandler,https://www.transfermarkt.com/philippe-sandler/profil/spieler/340460,Centre-Back,24,Netherlands,Feyenoord,Eredivisie,Netherlands,0,FALSE,NA,Winter,1,0,0,0
7,Manchester City,Premier League,England,2021,Departures,Patrick Roberts,https://www.transfermarkt.com/patrick-roberts/profil/spieler/225452,Right Winger,24,England,Sunderland,League One,England,0,FALSE,NA,Winter,NA,NA,NA,NA
8,Manchester City,Premier League,England,2021,Departures,Luka Ilic,https://www.transfermarkt.com/luka-ilic/profil/spieler/429790,Attacking Midfield,22,Serbia,Troyes,Ligue 1,France,NA,FALSE,?,Winter,NA,NA,NA,NA
9,Manchester City,Premier League,England,2021,Departures,Julián Álvarez,https://www.transfermarkt.com/julian-alvarez/profil/spieler/576024,Centre-Forward,22,Argentina,River Plate,Liga Profesional,Argentina,NA,TRUE,loan transfer,Winter,NA,NA,NA,NA
10,Liverpool FC,Premier League,England,2021,Arrivals,Luis Díaz,https://www.transfermarkt.com/luis-diaz/profil/spieler/480692,Left Winger,25,Colombia,FC Porto,Liga Bwin,Portugal,4.50E+07,FALSE,NA,Winter,0,0,0,0
11,Liverpool FC,Premier League,England,2021,Arrivals,Rhys Williams,https://www.transfermarkt.com/rhys-williams/profil/spieler/503679,Centre-Back,20,England,Swansea,Championship,Wales,NA,TRUE,"End of loan Jan 20, 2022",Winter,0,0,0,0
12,Liverpool FC,Premier League,England,2021,Departures,Nathaniel Phillips,https://www.transfermarkt.com/nathaniel-phillips/profil/spieler/371814,Centre-Back,24,England,Bournemouth,Championship,England,NA,TRUE,loan transfer,Winter,12,3,0,134
13,Liverpool FC,Premier League,England,2021,Departures,Neco Williams,https://www.transfermarkt.com/neco-williams/profil/spieler/503680,Right-Back,20,Wales,Fulham,Championship,England,NA,TRUE,loan transfer,Winter,22,8,0,387
14,Chelsea FC,Premier League,England,2021,Arrivals,Kenedy,https://www.transfermarkt.com/kenedy/profil/spieler/281404,Left Midfield,25,Brazil,Flamengo,Série A,Brazil,NA,TRUE,"End of loan Jan 13, 2022",Winter,0,0,0,0
15,Chelsea FC,Premier League,England,2021,Departures,Lewis Baker,https://www.transfermarkt.com/lewis-baker/profil/spieler/198589,Central Midfield,26,England,Stoke City,Championship,England,NA,FALSE,?,Winter,1,1,0,31
16,Manchester United,Premier League,England,2021,Arrivals,Tahith Chong,https://www.transfermarkt.com/tahith-chong/profil/spieler/344830,Right Winger,21,Netherlands,Birmingham,Championship,England,NA,TRUE,"End of loan Nov 3, 2021",Winter,0,0,0,0
17,Manchester United,Premier League,England,2021,Departures,Axel Tuanzebe,https://www.transfermarkt.com/axel-tuanzebe/profil/spieler/342046,Centre-Back,24,England,SSC Napoli,Serie A,Italy,6.00E+05,TRUE,NA,Winter,NA,NA,NA,NA
18,Manchester United,Premier League,England,2021,Departures,Anthony Martial,https://www.transfermarkt.com/anthony-martial/profil/spieler/182877,Centre-Forward,26,France,Sevilla FC,LaLiga,Spain,NA,TRUE,loan transfer,Winter,18,11,1,367
19,Manchester United,Premier League,England,2021,Departures,Donny van de Beek,https://www.transfermarkt.com/donny-van-de-beek/profil/spieler/288255,Central Midfield,24,Netherlands,Everton,Premier League,England,NA,TRUE,loan transfer,Winter,30,14,1,380
20,Manchester United,Premier League,England,2021,Departures,Amad Diallo,https://www.transfermarkt.com/amad-diallo/profil/spieler/536835,Right Winger,19,Cote d'Ivoire,Rangers,Premiership,Scotland,NA,TRUE,loan transfer,Winter,4,1,0,68
21,Tottenham Hotspur,Premier League,England,2021,Arrivals,Rodrigo Bentancur,https://www.transfermarkt.com/rodrigo-bentancur/profil/spieler/354362,Central Midfield,24,Uruguay,Juventus,Serie A,Italy,1.90E+07,FALSE,NA,Winter,0,0,0,0
22,Tottenham Hotspur,Premier League,England,2021,Arrivals,Dejan Kulusevski,https://www.transfermarkt.com/dejan-kulusevski/profil/spieler/431755,Right Winger,21,Sweden,Juventus,Serie A,Italy,1.00E+07,TRUE,NA,Winter,0,0,0,0
23,Tottenham Hotspur,Premier League,England,2021,Arrivals,Alfie Whiteman,https://www.transfermarkt.com/alfie-whiteman/profil/spieler/282823,Goalkeeper,23,England,Degerfors,Allsvenskan,Sweden,NA,TRUE,"End of loan Dec 31, 2021",Winter,0,0,0,0
24,Tottenham Hotspur,Premier League,England,2021,Departures,Tanguy Ndombélé,https://www.transfermarkt.com/tanguy-ndombele/profil/spieler/450936,Central Midfield,25,France,Olympique Lyon,Ligue 1,France,1420000,TRUE,NA,Winter,24,16,2,886
25,Tottenham Hotspur,Premier League,England,2021,Departures,Dele Alli,https://www.transfermarkt.com/dele-alli/profil/spieler/207929,Attacking Midfield,25,England,Everton,Premier League,England,0,FALSE,NA,Winter,30,18,2,1042
26,Tottenham Hotspur,Premier League,England,2021,Departures,Bryan Gil,https://www.transfermarkt.com/bryan-gil/profil/spieler/537382,Left Winger,20,Spain,Valencia,LaLiga,Spain,NA,TRUE,loan transfer,Winter,27,20,0,756
27,Tottenham Hotspur,Premier League,England,2021,Departures,Giovani Lo Celso,https://www.transfermarkt.com/giovani-lo-celso/profil/spieler/348795,Central Midfield,25,Argentina,Villarreal,LaLiga,Spain,NA,TRUE,loan transfer,Winter,24,19,1,917
28,Tottenham Hotspur,Premier League,England,2021,Departures,Jack Clarke,https://www.transfermarkt.com/jack-clarke/profil/spieler/559794,Right Winger,21,England,Sunderland,League One,England,NA,TRUE,loan transfer,Winter,2,1,0,44
29,Leicester City,Premier League,England,2021,Departures,Filip Benkovic,https://www.transfermarkt.com/filip-benkovic/profil/spieler/293168,Centre-Back,24,Croatia,Udinese Calcio,Serie A,Italy,0,FALSE,NA,Winter,4,0,0,0
30,Arsenal FC,Premier League,England,2021,Arrivals,Auston Trusty,https://www.transfermarkt.com/auston-trusty/profil/spieler/389253,Centre-Back,23,United States,Colorado,MLS,United States,1820000,FALSE,NA,Winter,NA,NA,NA,NA
31,Arsenal FC,Premier League,England,2021,Arrivals,Dejan Iliev,https://www.transfermarkt.com/dejan-iliev/profil/spieler/205757,Goalkeeper,26,North Macedonia,Sered,Fortuna Liga,Slovakia,NA,TRUE,"End of loan Dec 31, 2021",Winter,NA,NA,NA,NA
32,Arsenal FC,Premier League,England,2021,Departures,Ainsley Maitland-Niles,https://www.transfermarkt.com/ainsley-maitland-niles/profil/spieler/285845,Right Midfield,24,England,AS Roma,Serie A,Italy,5.00E+05,TRUE,NA,Winter,20,11,0,472
33,Arsenal FC,Premier League,England,2021,Departures,Calum Chambers,https://www.transfermarkt.com/calum-chambers/profil/spieler/215118,Centre-Back,27,England,Aston Villa,Premier League,England,0,FALSE,NA,Winter,11,5,1,375
34,Arsenal FC,Premier League,England,2021,Departures,Sead Kolasinac,https://www.transfermarkt.com/sead-kolasinac/profil/spieler/94005,Left-Back,28,Bosnia-Herzegovina,Marseille,Ligue 1,France,0,FALSE,NA,Winter,8,5,0,270
35,Arsenal FC,Premier League,England,2021,Departures,Pablo Marí,https://www.transfermarkt.com/pablo-mari/profil/spieler/210178,Centre-Back,28,Spain,Udinese Calcio,Serie A,Italy,NA,TRUE,loan transfer,Winter,10,3,0,270
36,Arsenal FC,Premier League,England,2021,Departures,Auston Trusty,https://www.transfermarkt.com/auston-trusty/profil/spieler/389253,Centre-Back,23,United States,Colorado,MLS,United States,NA,TRUE,loan transfer,Winter,NA,NA,NA,NA
37,Arsenal FC,Premier League,England,2021,Departures,Pierre-Emerick Aubameyang,https://www.transfermarkt.com/pierre-emerick-aubameyang/profil/spieler/58864,Centre-Forward,32,Gabon,Without Club,NA,NA,NA,FALSE,-,Winter,15,15,7,1116
38,Arsenal FC,Premier League,England,2021,Departures,Dejan Iliev,https://www.transfermarkt.com/dejan-iliev/profil/spieler/205757,Goalkeeper,26,North Macedonia,Without Club,NA,NA,NA,FALSE,-,Winter,NA,NA,NA,NA
39,Everton FC,Premier League,England,2021,Arrivals,Vitaliy Mykolenko,https://www.transfermarkt.com/vitaliy-mykolenko/profil/spieler/404842,Left-Back,22,Ukraine,Dynamo Kyiv,Premier Liga,Ukraine,23500000,FALSE,NA,Winter,2,2,0,210
40,Everton FC,Premier League,England,2021,Arrivals,Nathan Patterson,https://www.transfermarkt.com/nathan-patterson/profil/spieler/424015,Right-Back,20,Scotland,Rangers,Premiership,Scotland,1.40E+07,FALSE,NA,Winter,2,0,0,0
41,Everton FC,Premier League,England,2021,Arrivals,Dele Alli,https://www.transfermarkt.com/dele-alli/profil/spieler/207929,Attacking Midfield,25,England,Spurs,Premier League,England,0,FALSE,NA,Winter,0,0,0,0
42,Everton FC,Premier League,England,2021,Arrivals,Billy Crellin,https://www.transfermarkt.com/billy-crellin/profil/spieler/536794,Goalkeeper,21,England,Fleetwood,League One,England,NA,FALSE,?,Winter,NA,NA,NA,NA
43,Everton FC,Premier League,England,2021,Arrivals,Donny van de Beek,https://www.transfermarkt.com/donny-van-de-beek/profil/spieler/288255,Central Midfield,24,Netherlands,Man Utd,Premier League,England,NA,TRUE,loan transfer,Winter,0,0,0,0
44,Everton FC,Premier League,England,2021,Arrivals,Anwar El Ghazi,https://www.transfermarkt.com/anwar-el-ghazi/profil/spieler/183720,Right Winger,26,Netherlands,Aston Villa,Premier League,England,NA,TRUE,loan transfer,Winter,1,0,0,0
45,Everton FC,Premier League,England,2021,Departures,Lucas Digne,https://www.transfermarkt.com/lucas-digne/profil/spieler/126664,Left-Back,28,France,Aston Villa,Premier League,England,3.00E+07,FALSE,NA,Winter,16,15,1,1276
46,Aston Villa,Premier League,England,2021,Arrivals,Lucas Digne,https://www.transfermarkt.com/lucas-digne/profil/spieler/126664,Left-Back,28,France,Everton,Premier League,England,3.00E+07,FALSE,NA,Winter,2,2,0,180
47,Aston Villa,Premier League,England,2021,Arrivals,Calum Chambers,https://www.transfermarkt.com/calum-chambers/profil/spieler/215118,Centre-Back,27,England,Arsenal,Premier League,England,0,FALSE,NA,Winter,0,0,0,0
48,Aston Villa,Premier League,England,2021,Arrivals,Philippe Coutinho,https://www.transfermarkt.com/philippe-coutinho/profil/spieler/80444,Left Winger,29,Brazil,Barcelona,LaLiga,Spain,NA,TRUE,loan transfer,Winter,2,2,1,96
49,Aston Villa,Premier League,England,2021,Arrivals,Robin Olsen,https://www.transfermarkt.com/robin-olsen/profil/spieler/75458,Goalkeeper,32,Sweden,AS Roma,Serie A,Italy,NA,TRUE,loan transfer,Winter,1,0,0,0
50,Aston Villa,Premier League,England,2021,Arrivals,Matt Targett,https://www.transfermarkt.com/matt-targett/profil/spieler/250478,Left-Back,26,England,Newcastle,Premier League,England,NA,TRUE,"End of loan May 31, 2022",Winter,22,19,1,1613
51,Aston Villa,Premier League,England,2021,Arrivals,Wesley,https://www.transfermarkt.com/wesley/profil/spieler/381362,Centre-Forward,25,Brazil,Club Brugge,Jupiler Pro League,Belgium,NA,TRUE,"End of loan Dec 31, 2021",Winter,2,1,0,0
52,Aston Villa,Premier League,England,2021,Departures,Matt Targett,https://www.transfermarkt.com/matt-targett/profil/spieler/250478,Left-Back,26,England,Newcastle,Premier League,England,NA,TRUE,loan transfer,Winter,22,19,1,1613
53,Aston Villa,Premier League,England,2021,Departures,Anwar El Ghazi,https://www.transfermarkt.com/anwar-el-ghazi/profil/spieler/183720,Right Winger,26,Netherlands,Everton,Premier League,England,NA,TRUE,loan transfer,Winter,21,12,3,547
54,Aston Villa,Premier League,England,2021,Departures,Wesley,https://www.transfermarkt.com/wesley/profil/spieler/381362,Centre-Forward,25,Brazil,Internacional,Série A,Brazil,NA,TRUE,loan transfer,Winter,2,1,0,0
55,Aston Villa,Premier League,England,2021,Departures,Keinan Davis,https://www.transfermarkt.com/keinan-davis/profil/spieler/412660,Centre-Forward,23,England,Nottm Forest,Championship,England,NA,TRUE,loan transfer,Winter,6,1,0,11
56,Aston Villa,Premier League,England,2021,Departures,Jed Steer,https://www.transfermarkt.com/jed-steer/profil/spieler/110867,Goalkeeper,29,England,Luton,Championship,England,NA,TRUE,loan transfer,Winter,22,3,0,270
57,Aston Villa,Premier League,England,2021,Departures,Cameron Archer,https://www.transfermarkt.com/cameron-archer/profil/spieler/533662,Centre-Forward,20,England,Preston,Championship,England,NA,TRUE,loan transfer,Winter,15,5,4,204
58,Aston Villa,Premier League,England,2021,Departures,Jaden Philogene-Bidace,https://www.transfermarkt.com/jaden-philogene-bidace/profil/spieler/665390,Left Winger,19,England,Stoke City,Championship,England,NA,TRUE,loan transfer,Winter,12,4,0,124
59,West Ham United,Premier League,England,2021,Arrivals,Frederik Alves,https://www.transfermarkt.com/frederik-alves/profil/spieler/542690,Centre-Back,22,Denmark,Sunderland,League One,England,NA,TRUE,"End of loan Jan 13, 2022",Winter,NA,NA,NA,NA
60,West Ham United,Premier League,England,2021,Arrivals,Conor Coventry,https://www.transfermarkt.com/conor-coventry/profil/spieler/419025,Defensive Midfield,21,Ireland,Peterborough,Championship,England,NA,TRUE,"End of loan Jan 5, 2022",Winter,3,0,0,0
61,West Ham United,Premier League,England,2021,Departures,Frederik Alves,https://www.transfermarkt.com/frederik-alves/profil/spieler/542690,Centre-Back,22,Denmark,Bröndby IF,Superligaen,Denmark,1.00E+06,FALSE,NA,Winter,NA,NA,NA,NA
62,West Ham United,Premier League,England,2021,Departures,Conor Coventry,https://www.transfermarkt.com/conor-coventry/profil/spieler/419025,Defensive Midfield,21,Ireland,MK Dons,League One,England,NA,TRUE,loan transfer,Winter,3,0,0,0
63,Wolverhampton Wanderers,Premier League,England,2021,Arrivals,Chiquinho,https://www.transfermarkt.com/chiquinho/profil/spieler/695454,Left Winger,21,Portugal,Estoril Praia,Liga Bwin,Portugal,3500000,FALSE,NA,Winter,1,0,0,0
64,Wolverhampton Wanderers,Premier League,England,2021,Arrivals,Sang-bin Jeong,https://www.transfermarkt.com/sang-bin-jeong/profil/spieler/638571,Right Winger,19,"Korea, South",Suwon Bluewings,K League 1,"Korea, South",1200000,FALSE,NA,Winter,NA,NA,NA,NA
65,Wolverhampton Wanderers,Premier League,England,2021,Arrivals,Hayao Kawabe,https://www.transfermarkt.com/hayao-kawabe/profil/spieler/262489,Central Midfield,26,Japan,Grasshoppers,Super League,Switzerland,6.00E+05,FALSE,NA,Winter,NA,NA,NA,NA
66,Wolverhampton Wanderers,Premier League,England,2021,Arrivals,Matija Sarkic,https://www.transfermarkt.com/matija-sarkic/profil/spieler/293257,Goalkeeper,24,Montenegro,Birmingham,Championship,England,NA,TRUE,"End of loan Jan 6, 2022",Winter,0,0,0,0
67,Wolverhampton Wanderers,Premier League,England,2021,Arrivals,Leonardo Campana,https://www.transfermarkt.com/leonardo-campana/profil/spieler/606872,Centre-Forward,21,Ecuador,Grasshoppers,Super League,Switzerland,NA,TRUE,"End of loan Jan 19, 2022",Winter,NA,NA,NA,NA
68,Wolverhampton Wanderers,Premier League,England,2021,Arrivals,Toti Gomes,https://www.transfermarkt.com/toti-gomes/profil/spieler/606718,Centre-Back,22,Portugal,Grasshoppers,Super League,Switzerland,NA,TRUE,"End of loan Jan 4, 2022",Winter,2,2,0,180
69,Wolverhampton Wanderers,Premier League,England,2021,Departures,Adama Traoré,https://www.transfermarkt.com/adama-traore/profil/spieler/204103,Right Winger,26,Spain,Barcelona,LaLiga,Spain,NA,TRUE,loan transfer,Winter,24,23,1,1182
70,Wolverhampton Wanderers,Premier League,England,2021,Departures,Bruno Jordão,https://www.transfermarkt.com/bruno-jordao/profil/spieler/415646,Central Midfield,23,Portugal,Grasshoppers,Super League,Switzerland,NA,TRUE,loan transfer,Winter,5,1,0,5
71,Wolverhampton Wanderers,Premier League,England,2021,Departures,Hayao Kawabe,https://www.transfermarkt.com/hayao-kawabe/profil/spieler/262489,Central Midfield,26,Japan,Grasshoppers,Super League,Switzerland,NA,TRUE,loan transfer,Winter,NA,NA,NA,NA
72,Wolverhampton Wanderers,Premier League,England,2021,Departures,Leonardo Campana,https://www.transfermarkt.com/leonardo-campana/profil/spieler/606872,Centre-Forward,21,Ecuador,Miami,MLS,United States,NA,TRUE,loan transfer,Winter,NA,NA,NA,NA
73,Wolverhampton Wanderers,Premier League,England,2021,Departures,Sang-bin Jeong,https://www.transfermarkt.com/sang-bin-jeong/profil/spieler/638571,Right Winger,19,"Korea, South",Grasshoppers,Super League,Switzerland,NA,TRUE,loan transfer,Winter,NA,NA,NA,NA
74,Wolverhampton Wanderers,Premier League,England,2021,Departures,Louie Moulden,https://www.transfermarkt.com/louie-moulden/profil/spieler/444641,Goalkeeper,20,England,Ebbsfleet,National League South,England,NA,TRUE,loan transfer,Winter,11,0,0,0
75,Wolverhampton Wanderers,Premier League,England,2021,Departures,Oskar Buur,https://www.transfermarkt.com/oskar-buur/profil/spieler/293283,Right-Back,23,Denmark,Without Club,NA,NA,NA,FALSE,-,Winter,NA,NA,NA,NA
76,Newcastle United,Premier League,England,2021,Arrivals,Bruno Guimarães,https://www.transfermarkt.com/bruno-guimaraes/profil/spieler/520624,Defensive Midfield,24,Brazil,Olympique Lyon,Ligue 1,France,42100000,FALSE,NA,Winter,0,0,0,0
77,Newcastle United,Premier League,England,2021,Arrivals,Chris Wood,https://www.transfermarkt.com/chris-wood/profil/spieler/108725,Centre-Forward,30,New Zealand,Burnley,Premier League,England,3.00E+07,FALSE,NA,Winter,2,2,0,180
78,Newcastle United,Premier League,England,2021,Arrivals,Kieran Trippier,https://www.transfermarkt.com/kieran-trippier/profil/spieler/95810,Right-Back,31,England,Atlético Madrid,LaLiga,Spain,1.50E+07,FALSE,NA,Winter,3,3,0,270
79,Newcastle United,Premier League,England,2021,Arrivals,Dan Burn,https://www.transfermarkt.com/dan-burn/profil/spieler/134270,Centre-Back,29,England,Brighton,Premier League,England,1.50E+07,FALSE,NA,Winter,0,0,0,0
80,Newcastle United,Premier League,England,2021,Arrivals,Matt Targett,https://www.transfermarkt.com/matt-targett/profil/spieler/250478,Left-Back,26,England,Aston Villa,Premier League,England,NA,TRUE,loan transfer,Winter,0,0,0,0
81,Newcastle United,Premier League,England,2021,Arrivals,Matty Longstaff,https://www.transfermarkt.com/matty-longstaff/profil/spieler/484387,Central Midfield,21,England,Aberdeen FC,Premiership,Scotland,NA,TRUE,"End of loan Dec 31, 2021",Winter,1,0,0,0
82,Newcastle United,Premier League,England,2021,Arrivals,Jake Turner,https://www.transfermarkt.com/jake-turner/profil/spieler/457128,Goalkeeper,22,England,Colchester Utd.,League Two,England,NA,TRUE,"End of loan Jan 19, 2022",Winter,NA,NA,NA,NA
83,Newcastle United,Premier League,England,2021,Departures,Freddie Woodman,https://www.transfermarkt.com/freddie-woodman/profil/spieler/226049,Goalkeeper,24,England,Bournemouth,Championship,England,NA,TRUE,loan transfer,Winter,6,5,0,450
84,Newcastle United,Premier League,England,2021,Departures,Jeff Hendrick,https://www.transfermarkt.com/jeff-hendrick/profil/spieler/148262,Central Midfield,30,Ireland,QPR,Championship,England,NA,TRUE,loan transfer,Winter,19,4,1,160
85,Newcastle United,Premier League,England,2021,Departures,Matty Longstaff,https://www.transfermarkt.com/matty-longstaff/profil/spieler/484387,Central Midfield,21,England,Mansfield Town,League Two,England,NA,TRUE,loan transfer,Winter,1,0,0,0
86,Newcastle United,Premier League,England,2021,Departures,Matt Targett,https://www.transfermarkt.com/matt-targett/profil/spieler/250478,Left-Back,26,England,Aston Villa,Premier League,England,NA,TRUE,"End of loan May 31, 2022",Winter,0,0,0,0
87,Leeds United,Premier League,England,2021,Departures,Cody Drameh,https://www.transfermarkt.com/cody-drameh/profil/spieler/531957,Right-Back,20,England,Cardiff,Championship,Wales,NA,TRUE,loan transfer,Winter,13,5,0,237
88,Southampton FC,Premier League,England,2021,Arrivals,Willy Caballero,https://www.transfermarkt.com/willy-caballero/profil/spieler/19948,Goalkeeper,40,Argentina,Without Club,NA,NA,NA,FALSE,-,Winter,8,2,0,180
89,Southampton FC,Premier League,England,2021,Arrivals,Dan N'Lundulu,https://www.transfermarkt.com/dan-nlundulu/profil/spieler/346482,Centre-Forward,22,England,Lincoln City,League One,England,NA,TRUE,"End of loan Jan 5, 2022",Winter,NA,NA,NA,NA
90,Southampton FC,Premier League,England,2021,Departures,Dan N'Lundulu,https://www.transfermarkt.com/dan-nlundulu/profil/spieler/346482,Centre-Forward,22,England,Cheltenham,League One,England,NA,TRUE,loan transfer,Winter,NA,NA,NA,NA
91,Southampton FC,Premier League,England,2021,Departures,Sam McQueen,https://www.transfermarkt.com/sam-mcqueen/profil/spieler/226968,Left-Back,26,England,NA,NA,NA,NA,FALSE,-,Winter,NA,NA,NA,NA
92,Crystal Palace,Premier League,England,2021,Arrivals,Jean-Philippe Mateta,https://www.transfermarkt.com/jean-philippe-mateta/profil/spieler/420002,Centre-Forward,24,France,1.FSV Mainz 05,Bundesliga,Germany,1.10E+07,FALSE,NA,Winter,16,9,2,428
93,Crystal Palace,Premier League,England,2021,Arrivals,Luke Plange,https://www.transfermarkt.com/luke-plange/profil/spieler/586986,Centre-Forward,19,England,Derby,Championship,England,NA,FALSE,?,Winter,NA,NA,NA,NA
94,Crystal Palace,Premier League,England,2021,Departures,Jacob Montes,https://www.transfermarkt.com/jacob-montes/profil/spieler/497494,Attacking Midfield,23,United States,RWDM,1B Pro League,Belgium,NA,TRUE,loan transfer,Winter,NA,NA,NA,NA
95,Crystal Palace,Premier League,England,2021,Departures,Luke Plange,https://www.transfermarkt.com/luke-plange/profil/spieler/586986,Centre-Forward,19,England,Derby,Championship,England,NA,TRUE,loan transfer,Winter,NA,NA,NA,NA
96,Crystal Palace,Premier League,England,2021,Departures,Jean-Philippe Mateta,https://www.transfermarkt.com/jean-philippe-mateta/profil/spieler/420002,Centre-Forward,24,France,1.FSV Mainz 05,Bundesliga,Germany,NA,TRUE,"End of loan Jan 30, 2022",Winter,16,9,2,428
97,Brighton & Hove Albion,Premier League,England,2021,Arrivals,Kacper Kozlowski,https://www.transfermarkt.com/kacper-kozlowski/profil/spieler/554284,Central Midfield,18,Poland,Pogon Szczecin,Ekstraklasa,Poland,1.10E+07,FALSE,NA,Winter,NA,NA,NA,NA
98,Brighton & Hove Albion,Premier League,England,2021,Arrivals,Deniz Undav,https://www.transfermarkt.com/deniz-undav/profil/spieler/339314,Centre-Forward,25,Germany,Union SG,Jupiler Pro League,Belgium,7.00E+06,FALSE,NA,Winter,NA,NA,NA,NA
99,Brighton & Hove Albion,Premier League,England,2021,Arrivals,Moisés Caicedo,https://www.transfermarkt.com/moises-caicedo/profil/spieler/687626,Central Midfield,20,Ecuador,Beerschot V.A.,Jupiler Pro League,Belgium,NA,TRUE,"End of loan Jan 12, 2022",Winter,6,1,0,90
100,Brighton & Hove Albion,Premier League,England,2021,Arrivals,Leo Östigard,https://www.transfermarkt.com/leo-ostigard/profil/spieler/367284,Centre-Back,22,Norway,Stoke City,Championship,England,NA,TRUE,"End of loan Jan 4, 2022",Winter,NA,NA,NA,NA
101,Brighton & Hove Albion,Premier League,England,2021,Arrivals,Christian Walton,https://www.transfermarkt.com/christian-walton/profil/spieler/208379,Goalkeeper,26,England,Ipswich,League One,England,NA,TRUE,"End of loan Jan 18, 2022",Winter,1,0,0,0
102,Brighton & Hove Albion,Premier League,England,2021,Arrivals,Billy Arce,https://www.transfermarkt.com/billy-arce/profil/spieler/450237,Left Winger,23,Ecuador,LDU Quito,Serie A Segunda Etapa,Ecuador,NA,TRUE,"End of loan Dec 31, 2021",Winter,0,0,0,0
103,Brighton & Hove Albion,Premier League,England,2021,Departures,Dan Burn,https://www.transfermarkt.com/dan-burn/profil/spieler/134270,Centre-Back,29,England,Newcastle,Premier League,England,1.50E+07,FALSE,NA,Winter,18,16,1,1277
104,Brighton & Hove Albion,Premier League,England,2021,Departures,Jürgen Locadia,https://www.transfermarkt.com/jurgen-locadia/profil/spieler/166240,Centre-Forward,28,Netherlands,VfL Bochum,Bundesliga,Germany,0,FALSE,NA,Winter,11,3,0,126
105,Brighton & Hove Albion,Premier League,England,2021,Departures,Christian Walton,https://www.transfermarkt.com/christian-walton/profil/spieler/208379,Goalkeeper,26,England,Ipswich,League One,England,NA,FALSE,?,Winter,1,0,0,0
106,Brighton & Hove Albion,Premier League,England,2021,Departures,Kacper Kozlowski,https://www.transfermarkt.com/kacper-kozlowski/profil/spieler/554284,Central Midfield,18,Poland,Union SG,Jupiler Pro League,Belgium,NA,TRUE,loan transfer,Winter,NA,NA,NA,NA
107,Brighton & Hove Albion,Premier League,England,2021,Departures,Aaron Connolly,https://www.transfermarkt.com/aaron-connolly/profil/spieler/434207,Centre-Forward,21,Ireland,Middlesbrough,Championship,England,NA,TRUE,loan transfer,Winter,11,6,2,320
108,Brighton & Hove Albion,Premier League,England,2021,Departures,Deniz Undav,https://www.transfermarkt.com/deniz-undav/profil/spieler/339314,Centre-Forward,25,Germany,Union SG,Jupiler Pro League,Belgium,NA,TRUE,loan transfer,Winter,NA,NA,NA,NA
109,Brighton & Hove Albion,Premier League,England,2021,Departures,Leo Östigard,https://www.transfermarkt.com/leo-ostigard/profil/spieler/367284,Centre-Back,22,Norway,Genoa,Serie A,Italy,NA,TRUE,loan transfer,Winter,NA,NA,NA,NA
110,Brighton & Hove Albion,Premier League,England,2021,Departures,Kjell Scherpen,https://www.transfermarkt.com/kjell-scherpen/profil/spieler/463527,Goalkeeper,22,Netherlands,KV Oostende,Jupiler Pro League,Belgium,NA,TRUE,loan transfer,Winter,11,1,0,120
111,Brighton & Hove Albion,Premier League,England,2021,Departures,Taylor Richards,https://www.transfermarkt.com/taylor-richards/profil/spieler/484551,Attacking Midfield,21,England,Birmingham,Championship,England,NA,TRUE,loan transfer,Winter,18,4,0,181
112,Brentford FC,Premier League,England,2021,Arrivals,Jonas Lössl,https://www.transfermarkt.com/jonas-lossl/profil/spieler/48870,Goalkeeper,32,Denmark,FC Midtjylland,Superligaen,Denmark,NA,TRUE,loan transfer,Winter,5,3,0,270
113,Brentford FC,Premier League,England,2021,Arrivals,Christian Eriksen,https://www.transfermarkt.com/christian-eriksen/profil/spieler/69633,Attacking Midfield,29,Denmark,Without Club,NA,NA,NA,FALSE,-,Winter,0,0,0,0
114,Brentford FC,Premier League,England,2021,Arrivals,Patrik Gunnarsson,https://www.transfermarkt.com/patrik-gunnarsson/profil/spieler/429563,Goalkeeper,21,Iceland,Viking FK,Eliteserien,Norway,NA,TRUE,"End of loan Dec 31, 2021",Winter,2,0,0,0
115,Brentford FC,Premier League,England,2021,Arrivals,Ellery Balcombe,https://www.transfermarkt.com/ellery-balcombe/profil/spieler/456292,Goalkeeper,22,England,Burton Albion,League One,England,NA,TRUE,"End of loan Jan 4, 2022",Winter,0,0,0,0
116,Brentford FC,Premier League,England,2021,Departures,Jan Zamburek,https://www.transfermarkt.com/jan-zamburek/profil/spieler/487924,Central Midfield,20,Czech Republic,Viborg FF,Superligaen,Denmark,NA,FALSE,?,Winter,NA,NA,NA,NA
117,Brentford FC,Premier League,England,2021,Departures,Patrik Gunnarsson,https://www.transfermarkt.com/patrik-gunnarsson/profil/spieler/429563,Goalkeeper,21,Iceland,Viking FK,Eliteserien,Norway,NA,FALSE,?,Winter,2,0,0,0
118,Brentford FC,Premier League,England,2021,Departures,Marcus Forss,https://www.transfermarkt.com/marcus-forss/profil/spieler/404584,Centre-Forward,22,Finland,Hull City,Championship,England,NA,TRUE,loan transfer,Winter,28,12,6,554
119,Brentford FC,Premier League,England,2021,Departures,Charlie Goode,https://www.transfermarkt.com/charlie-goode/profil/spieler/376856,Centre-Back,26,England,Sheff Utd,Championship,England,NA,TRUE,loan transfer,Winter,14,8,0,628
120,Brentford FC,Premier League,England,2021,Departures,Mads Bidstrup,https://www.transfermarkt.com/mads-bidstrup/profil/spieler/462832,Central Midfield,20,Denmark,Nordsjaelland,Superligaen,Denmark,NA,TRUE,loan transfer,Winter,22,8,0,252
121,Brentford FC,Premier League,England,2021,Departures,Dominic Thompson,https://www.transfermarkt.com/dominic-thompson/profil/spieler/503688,Left-Back,21,England,Ipswich,League One,England,NA,TRUE,loan transfer,Winter,18,5,0,411
122,Brentford FC,Premier League,England,2021,Departures,Joel Valencia,https://www.transfermarkt.com/joel-valencia/profil/spieler/175451,Left Winger,27,Ecuador,Alcorcón,LaLiga2,Spain,NA,TRUE,loan transfer,Winter,NA,NA,NA,NA
123,Brentford FC,Premier League,England,2021,Departures,Luka Racic,https://www.transfermarkt.com/luka-racic/profil/spieler/345587,Centre-Back,22,Denmark,HB Köge,1.Division,Denmark,NA,TRUE,loan transfer,Winter,NA,NA,NA,NA
124,Norwich City,Premier League,England,2021,Arrivals,Todd Cantwell,https://www.transfermarkt.com/todd-cantwell/profil/spieler/332341,Left Midfield,24,England,Bournemouth,Championship,England,NA,TRUE,"End of loan May 31, 2022",Winter,13,8,0,440
125,Norwich City,Premier League,England,2021,Arrivals,Jordan Hugill,https://www.transfermarkt.com/jordan-hugill/profil/spieler/291544,Centre-Forward,29,England,West Brom,Championship,England,NA,TRUE,"End of loan Jan 29, 2022",Winter,NA,NA,NA,NA
126,Norwich City,Premier League,England,2021,Arrivals,Onel Hernández,https://www.transfermarkt.com/onel-hernandez/profil/spieler/109751,Left Winger,28,Cuba,Middlesbrough,Championship,England,NA,TRUE,"End of loan Jan 13, 2022",Winter,NA,NA,NA,NA
127,Norwich City,Premier League,England,2021,Arrivals,Josh Martin,https://www.transfermarkt.com/josh-martin/profil/spieler/547534,Left Winger,20,England,MK Dons,League One,England,NA,TRUE,"End of loan Jan 16, 2022",Winter,NA,NA,NA,NA
128,Norwich City,Premier League,England,2021,Arrivals,Sebastian Soto,https://www.transfermarkt.com/sebastian-soto/profil/spieler/605498,Centre-Forward,21,United States,FC Porto B,Liga Sabseg,Portugal,NA,TRUE,"End of loan Jan 25, 2022",Winter,NA,NA,NA,NA
129,Norwich City,Premier League,England,2021,Departures,Todd Cantwell,https://www.transfermarkt.com/todd-cantwell/profil/spieler/332341,Left Midfield,23,England,Bournemouth,Championship,England,NA,TRUE,loan transfer,Winter,13,8,0,440
130,Norwich City,Premier League,England,2021,Departures,Jordan Hugill,https://www.transfermarkt.com/jordan-hugill/profil/spieler/291544,Centre-Forward,29,England,Cardiff,Championship,Wales,NA,TRUE,loan transfer,Winter,NA,NA,NA,NA
131,Norwich City,Premier League,England,2021,Departures,Onel Hernández,https://www.transfermarkt.com/onel-hernandez/profil/spieler/109751,Left Winger,28,Cuba,Birmingham,Championship,England,NA,TRUE,loan transfer,Winter,NA,NA,NA,NA
132,Norwich City,Premier League,England,2021,Departures,Josh Martin,https://www.transfermarkt.com/josh-martin/profil/spieler/547534,Left Winger,20,England,Doncaster,League One,England,NA,TRUE,loan transfer,Winter,NA,NA,NA,NA
133,Norwich City,Premier League,England,2021,Departures,Rocky Bushiri,https://www.transfermarkt.com/rocky-bushiri/profil/spieler/511802,Centre-Back,22,Belgium,Hibernian FC,Premiership,Scotland,NA,TRUE,loan transfer,Winter,NA,NA,NA,NA
134,Norwich City,Premier League,England,2021,Departures,Sebastian Soto,https://www.transfermarkt.com/sebastian-soto/profil/spieler/605498,Centre-Forward,21,United States,Livingston FC,Premiership,Scotland,NA,TRUE,loan transfer,Winter,NA,NA,NA,NA
135,Norwich City,Premier League,England,2021,Departures,Bali Mumba,https://www.transfermarkt.com/bali-mumba/profil/spieler/433186,Right-Back,20,England,Peterborough,Championship,England,NA,TRUE,loan transfer,Winter,8,3,0,203
136,Watford FC,Premier League,England,2021,Arrivals,Samir,https://www.transfermarkt.com/samir/profil/spieler/255744,Centre-Back,27,Brazil,Udinese Calcio,Serie A,Italy,5.00E+06,FALSE,NA,Winter,2,2,0,180
137,Watford FC,Premier League,England,2021,Arrivals,Maduka Okoye,https://www.transfermarkt.com/maduka-okoye/profil/spieler/340353,Goalkeeper,22,Nigeria,Sparta R.,Eredivisie,Netherlands,5.00E+06,FALSE,NA,Winter,NA,NA,NA,NA
138,Watford FC,Premier League,England,2021,Arrivals,Edo Kayembe,https://www.transfermarkt.com/edo-kayembe/profil/spieler/486477,Defensive Midfield,23,DR Congo,KAS Eupen,Jupiler Pro League,Belgium,4700000,FALSE,NA,Winter,2,2,0,180
139,Watford FC,Premier League,England,2021,Arrivals,Hassane Kamara,https://www.transfermarkt.com/hassane-kamara/profil/spieler/290017,Left-Back,27,Cote d'Ivoire,OGC Nice,Ligue 1,France,4.00E+06,FALSE,NA,Winter,3,2,0,174
140,Watford FC,Premier League,England,2021,Arrivals,Samuel Kalu,https://www.transfermarkt.com/samuel-kalu/profil/spieler/424051,Right Winger,24,Nigeria,G. Bordeaux,Ligue 1,France,3.00E+06,FALSE,NA,Winter,0,0,0,0
141,Watford FC,Premier League,England,2021,Arrivals,Yaser Asprilla,https://www.transfermarkt.com/yaser-asprilla/profil/spieler/857818,Attacking Midfield,18,Colombia,Envigado,Liga Dimayor I,Colombia,3.00E+06,FALSE,NA,Winter,0,0,0,0
142,Watford FC,Premier League,England,2021,Arrivals,Nicolas N'Koulou,https://www.transfermarkt.com/nicolas-nkoulou/profil/spieler/60577,Centre-Back,31,Cameroon,Without Club,NA,NA,NA,FALSE,-,Winter,4,3,0,168
143,Watford FC,Premier League,England,2021,Arrivals,Domingos Quina,https://www.transfermarkt.com/domingos-quina/profil/spieler/391719,Central Midfield,22,Portugal,Fulham,Championship,England,NA,TRUE,"End of loan Jan 31, 2022",Winter,NA,NA,NA,NA
144,Watford FC,Premier League,England,2021,Arrivals,Pontus Dahlberg,https://www.transfermarkt.com/pontus-dahlberg/profil/spieler/365544,Goalkeeper,22,Sweden,Doncaster,League One,England,NA,TRUE,"End of loan Jan 13, 2022",Winter,NA,NA,NA,NA
145,Watford FC,Premier League,England,2021,Departures,Domingos Quina,https://www.transfermarkt.com/domingos-quina/profil/spieler/391719,Central Midfield,22,Portugal,Barnsley FC,Championship,England,NA,TRUE,loan transfer,Winter,NA,NA,NA,NA
146,Watford FC,Premier League,England,2021,Departures,Pontus Dahlberg,https://www.transfermarkt.com/pontus-dahlberg/profil/spieler/365544,Goalkeeper,22,Sweden,Gillingham FC,League One,England,NA,TRUE,loan transfer,Winter,NA,NA,NA,NA
147,Watford FC,Premier League,England,2021,Departures,Maduka Okoye,https://www.transfermarkt.com/maduka-okoye/profil/spieler/340353,Goalkeeper,22,Nigeria,Sparta R.,Eredivisie,Netherlands,NA,TRUE,loan transfer,Winter,NA,NA,NA,NA
148,Burnley FC,Premier League,England,2021,Arrivals,Wout Weghorst,https://www.transfermarkt.com/wout-weghorst/profil/spieler/228645,Centre-Forward,29,Netherlands,VfL Wolfsburg,Bundesliga,Germany,1.40E+07,FALSE,NA,Winter,0,0,0,0
149,Burnley FC,Premier League,England,2021,Departures,Chris Wood,https://www.transfermarkt.com/chris-wood/profil/spieler/108725,Centre-Forward,30,New Zealand,Newcastle,Premier League,England,3.00E+07,FALSE,NA,Winter,21,21,3,1557
